<?xml version="1.0" encoding="UTF-8"?>
<!--xedithor's sprite file-->
<!--last saved: 18/12/2011 17:34-->
<sprites>
    <image>
        <path>C:/Users/David/Documents/School/CIS-17B/MyGame/Gundam/wing_gundam_zero_modified.png</path>
    </image>
    <modules nModules="5">
        <nRow>0 1000 11 639 92 122 </nRow>
        <nRow>0 1001 113 636 92 122 </nRow>
        <nRow>0 1002 208 679 106 94 </nRow>
        <nRow>0 1003 315 701 106 61 </nRow>
        <nRow>0 1004 315 701 106 61 </nRow>
    </modules>
    <frames nFrames="5">
        <itemFrame ID="3000" nModFrame="1" name="frame">
            <RowModFrm>1000 0 0 </RowModFrm>
        </itemFrame>
        <itemFrame ID="3001" nModFrame="1" name="frame">
            <RowModFrm>1001 0 0 </RowModFrm>
        </itemFrame>
        <itemFrame ID="3002" nModFrame="1" name="frame">
            <RowModFrm>1002 0 0 </RowModFrm>
        </itemFrame>
        <itemFrame ID="3003" nModFrame="1" name="frame">
            <RowModFrm>1003 0 0 </RowModFrm>
        </itemFrame>
        <itemFrame ID="3004" nModFrame="1" name="frame">
            <RowModFrm>1004 0 0 </RowModFrm>
        </itemFrame>
    </frames>
    <anims nAnims="1">
        <itemAnim ID="5000" nAnimFrame="5" name="anim">
            <RowFrmAnim>3000 -24 -113 1 </RowFrmAnim>
            <RowFrmAnim>3001 -17 -83 1 </RowFrmAnim>
            <RowFrmAnim>3002 -14 -62 1 </RowFrmAnim>
            <RowFrmAnim>3003 -19 -52 1 </RowFrmAnim>
            <RowFrmAnim>3004 -10 -54 1 </RowFrmAnim>
        </itemAnim>
    </anims>
</sprites>
