<?xml version="1.0" encoding="UTF-8"?>
<!--xedithor's sprite file-->
<!--last saved: 18/12/2011 17:34-->
<sprites>
    <image>
        <path>:/Zero/zeroModified.png</path>
    </image>
    <modules nModules="12">
        <nRow>0 1000 2 361 52 58 </nRow>
        <nRow>0 1001 56 348 62 67 </nRow>
        <nRow>0 1002 132 349 102 70 </nRow>
        <nRow>0 1003 240 351 109 77 </nRow>
        <nRow>0 1004 356 351 109 72 </nRow>
        <nRow>0 1005 470 351 109 75 </nRow>
        <nRow>0 1006 589 353 75 75 </nRow>
        <nRow>0 1007 677 363 62 60 </nRow>
        <nRow>0 1008 740 368 62 48 </nRow>
        <nRow>0 1009 805 367 62 48 </nRow>
        <nRow>0 1010 872 368 55 46 </nRow>
        <nRow>0 1011 927 367 55 46 </nRow>
    </modules>
    <frames nFrames="12">
        <itemFrame ID="3001" nModFrame="1" name="frame">
            <RowModFrm>1000 0 0 </RowModFrm>
        </itemFrame>
        <itemFrame ID="3002" nModFrame="1" name="frame">
            <RowModFrm>1001 0 0 </RowModFrm>
        </itemFrame>
        <itemFrame ID="3003" nModFrame="1" name="frame">
            <RowModFrm>1002 0 0 </RowModFrm>
        </itemFrame>
        <itemFrame ID="3004" nModFrame="1" name="frame">
            <RowModFrm>1003 0 0 </RowModFrm>
        </itemFrame>
        <itemFrame ID="3005" nModFrame="1" name="frame">
            <RowModFrm>1004 0 0 </RowModFrm>
        </itemFrame>
        <itemFrame ID="3006" nModFrame="1" name="frame">
            <RowModFrm>1005 0 0 </RowModFrm>
        </itemFrame>
        <itemFrame ID="3007" nModFrame="1" name="frame">
            <RowModFrm>1006 0 0 </RowModFrm>
        </itemFrame>
        <itemFrame ID="3008" nModFrame="1" name="frame">
            <RowModFrm>1007 0 0 </RowModFrm>
        </itemFrame>
        <itemFrame ID="3009" nModFrame="1" name="frame">
            <RowModFrm>1008 0 0 </RowModFrm>
        </itemFrame>
        <itemFrame ID="3010" nModFrame="1" name="frame">
            <RowModFrm>1009 0 0 </RowModFrm>
        </itemFrame>
        <itemFrame ID="3011" nModFrame="1" name="frame">
            <RowModFrm>1010 0 0 </RowModFrm>
        </itemFrame>
        <itemFrame ID="3012" nModFrame="1" name="frame">
            <RowModFrm>1011 0 0 </RowModFrm>
        </itemFrame>
    </frames>
    <anims nAnims="1">
        <itemAnim ID="5000" nAnimFrame="11" name="anim">
            <RowFrmAnim>3001 -8 -53 1 </RowFrmAnim>
            <RowFrmAnim>3002 -12 -65 1 </RowFrmAnim>
            <RowFrmAnim>3003 -2 -69 1 </RowFrmAnim>
            <RowFrmAnim>3004 -4 -67 1 </RowFrmAnim>
            <RowFrmAnim>3005 -2 -61 1 </RowFrmAnim>
            <RowFrmAnim>3007 0 -60 1 </RowFrmAnim>
            <RowFrmAnim>3008 -2 -50 1 </RowFrmAnim>
            <RowFrmAnim>3009 -3 -45 1 </RowFrmAnim>
            <RowFrmAnim>3010 -5 -46 1 </RowFrmAnim>
            <RowFrmAnim>3011 -2 -44 1 </RowFrmAnim>
            <RowFrmAnim>3012 -2 -46 1 </RowFrmAnim>
        </itemAnim>
    </anims>
</sprites>
