<?xml version="1.0" encoding="UTF-8"?>
<!--xedithor's sprite file-->
<!--last saved: 18/12/2011 17:34-->
<sprites>
    <image>
        <path>C:/Users/David/Documents/School/CIS-17B/MyGame/Gundam/wing_gundam_zero_modified.png</path>
    </image>
    <modules nModules="10">
        <nRow>0 1000 5 145 83 105 </nRow>
        <nRow>0 1001 86 144 125 105 </nRow>
        <nRow>0 1002 212 141 77 105 </nRow>
        <nRow>0 1003 291 142 96 105 </nRow>
        <nRow>0 1004 392 135 85 115 </nRow>
        <nRow>0 1005 471 148 131 99 </nRow>
        <nRow>0 1006 607 152 94 99 </nRow>
        <nRow>0 1007 702 152 80 99 </nRow>
        <nRow>0 1008 776 150 127 99 </nRow>
        <nRow>0 1009 886 137 143 115 </nRow>
    </modules>
    <frames nFrames="10">
        <itemFrame ID="3000" nModFrame="1" name="frame">
            <RowModFrm>1000 0 0 </RowModFrm>
        </itemFrame>
        <itemFrame ID="3001" nModFrame="1" name="frame">
            <RowModFrm>1001 0 0 </RowModFrm>
        </itemFrame>
        <itemFrame ID="3002" nModFrame="1" name="frame">
            <RowModFrm>1002 0 0 </RowModFrm>
        </itemFrame>
        <itemFrame ID="3003" nModFrame="1" name="frame">
            <RowModFrm>1003 0 0 </RowModFrm>
        </itemFrame>
        <itemFrame ID="3004" nModFrame="1" name="frame">
            <RowModFrm>1004 0 0 </RowModFrm>
        </itemFrame>
        <itemFrame ID="3005" nModFrame="1" name="frame">
            <RowModFrm>1005 0 0 </RowModFrm>
        </itemFrame>
        <itemFrame ID="3006" nModFrame="1" name="frame">
            <RowModFrm>1006 0 0 </RowModFrm>
        </itemFrame>
        <itemFrame ID="3007" nModFrame="1" name="frame">
            <RowModFrm>1007 0 0 </RowModFrm>
        </itemFrame>
        <itemFrame ID="3008" nModFrame="1" name="frame">
            <RowModFrm>1008 0 0 </RowModFrm>
        </itemFrame>
        <itemFrame ID="3009" nModFrame="1" name="frame">
            <RowModFrm>1009 0 0 </RowModFrm>
        </itemFrame>
    </frames>
    <anims nAnims="1">
        <itemAnim ID="5000" nAnimFrame="9" name="anim">
            <RowFrmAnim>3000 -11 -101 1 </RowFrmAnim>
            <RowFrmAnim>3001 -13 -102 1 </RowFrmAnim>
            <RowFrmAnim>3002 -15 -105 1 </RowFrmAnim>
            <RowFrmAnim>3003 -15 -104 1 </RowFrmAnim>
            <RowFrmAnim>3004 -11 -113 1 </RowFrmAnim>
            <RowFrmAnim>3005 -14 -98 1 </RowFrmAnim>
            <RowFrmAnim>3006 -19 -95 1 </RowFrmAnim>
            <RowFrmAnim>3007 -16 -96 1 </RowFrmAnim>
            <RowFrmAnim>3008 -15 -97 1 </RowFrmAnim>
        </itemAnim>
    </anims>
</sprites>
